Question,Answer
What are the subjects in the first year of engineering at AVCOE?,"In the first year of engineering at AVCOE, students study foundational subjects such as Mathematics, Physics, Chemistry, Engineering Mechanics, and Computer Programming. These subjects are designed to provide a solid base for the core engineering disciplines."
Can you tell me the syllabus for Computer Science subjects at AVCOE?,"The Computer Science department at AVCOE covers subjects like Data Structures, Algorithms, Operating Systems, Computer Networks, and Software Engineering in the first and second years. Electives such as Artificial Intelligence, Machine Learning, and Data Science are also offered in later years."
What are the subjects for Mechanical Engineering students at AVCOE?,"In the Mechanical Engineering department at AVCOE, core subjects include Thermodynamics, Fluid Mechanics, Strength of Materials, Engineering Mechanics, and Manufacturing Processes. Advanced electives like Robotics, CAD/CAM, and Vibration Analysis are available in the later years."
Tell me the subjects in Electrical Engineering at AVCOE.,"The Electrical Engineering department at AVCOE offers subjects such as Circuit Theory, Electrical Machines, Power Systems, Control Systems, and Electromagnetic Fields in the initial years. Later years focus on advanced topics like Power Electronics, Renewable Energy Systems, and Electrical Drives."
What are the core subjects for Civil Engineering students at AVCOE?,"The Civil Engineering syllabus at AVCOE includes core subjects such as Structural Analysis, Building Materials, Fluid Mechanics, Geotechnical Engineering, and Transportation Engineering. Elective subjects like Environmental Engineering and Construction Management are available in the later years."
What electives are available for Electronics and Telecommunication Engineering students at AVCOE?,"The Electronics and Telecommunication Engineering department at AVCOE offers subjects including Digital Electronics, Analog Electronics, Signals and Systems, Communication Systems, and Microprocessors. Electives such as Embedded Systems and IoT are available in later semesters."
Can you provide a list of subjects for Information Technology students at AVCOE?,"The Information Technology department at AVCOE includes subjects like Database Management, Web Technologies, Network Security, Software Engineering, and Operating Systems. Electives in Cloud Computing, Cybersecurity, and Data Science are offered in advanced years."
What are the subjects for Instrumentation Engineering students at AVCOE?,"The Instrumentation Engineering syllabus includes subjects like Process Control, Measurement Systems, Industrial Instrumentation, Automation, and Control Systems. Electives like Robotics and Data Acquisition Systems are offered in the later years."
What is the syllabus for Chemical Engineering at AVCOE?,"The Chemical Engineering department at AVCOE covers subjects such as Material Science, Fluid Mechanics, Process Control, Thermodynamics, and Biochemical Engineering. In later semesters, electives include topics like Environmental Engineering and Process Optimization."
Can you share the subjects for Biotechnology students at AVCOE?,"Yes, the Biotechnology department at AVCOE includes subjects such as Biochemistry, Molecular Biology, Genetic Engineering, Bioprocess Engineering, and Bioinformatics. Elective subjects such as Nanotechnology and Biopharmaceuticals are also offered."
What are the core and elective subjects in the Computer Engineering department at AVCOE?,"In the Computer Engineering department at AVCOE, students study subjects such as Discrete Mathematics, Data Structures, Computer Networks, Digital Electronics, and Software Engineering. Electives in Artificial Intelligence, Machine Learning, and Cloud Computing are offered in higher years."
Which subjects are included in the second year of Civil Engineering at AVCOE?,"In the second year of Civil Engineering at AVCOE, subjects like Fluid Mechanics, Structural Analysis, Material Science, and Geotechnical Engineering are covered. Elective subjects like Environmental Engineering are also introduced."
Tell me about the subjects offered in the third year of Mechanical Engineering at AVCOE.,"In the third year of Mechanical Engineering at AVCOE, subjects include Strength of Materials, Machine Design, Heat Transfer, Manufacturing Technology, and Fluid Dynamics. Electives such as Robotics, Automation, and Vibrations are also offered."
What are the subjects in the final year of Electrical Engineering at AVCOE?,"The final year of Electrical Engineering at AVCOE includes subjects like Power System Protection, Electrical Drives, Power Electronics, and Renewable Energy. Students also engage in a major project in their final year to apply the knowledge gained."
Are there any AI/ML-related subjects in the Computer Science curriculum at AVCOE?,"Yes, the Computer Science department at AVCOE offers electives related to Artificial Intelligence and Machine Learning in the later years of the program. These electives are designed to provide in-depth knowledge of AI, ML, and their practical applications."
Which subjects do students of the Electronics department study at AVCOE?,"The Electronics department at AVCOE offers subjects like Digital Electronics, Control Systems, Communication Systems, Embedded Systems, and Microprocessors. Students also work on projects related to IoT, Robotics, and Signal Processing."
Can you provide details on the core and elective subjects in the Civil Engineering program at AVCOE?,"The Civil Engineering program at AVCOE offers core subjects such as Structural Analysis, Building Materials, Fluid Mechanics, and Geotechnical Engineering in earlier years. Later years include electives like Environmental Engineering, Construction Management, and Infrastructure Design."
How many subjects are there in the first year of the engineering program at AVCOE?,"In the first year of the engineering program at AVCOE, students study subjects like Mathematics, Physics, Chemistry, Engineering Mechanics, and Introduction to Computing. These subjects are essential for developing a foundation in engineering principles."
Tell me the subjects covered in the third year of Civil Engineering at AVCOE.,"The second year of Civil Engineering includes subjects on Structural Mechanics, Concrete Technology, Water Resources, and Soil Mechanics. Students also take practical-based courses to complement their theoretical learning."
What are the electives available in the second year of Computer Science at AVCOE?,"In the second year of Computer Science, students study subjects such as Discrete Mathematics, Data Structures, Software Engineering, and Operating Systems. Some elective subjects in this year include Database Management and Web Technologies."
Are there any specific robotics subjects at AVCOE?,"The Robotics-related subjects are offered under Mechanical Engineering, Electronics and Telecommunication, and Computer Science departments. These subjects include Robotics and Automation and are offered as electives in the later years."
What subjects do students in the Biotechnology department at AVCOE study?,"The Biotechnology department at AVCOE offers core subjects such as Molecular Biology, Biochemistry, Bioprocess Engineering, and Genetic Engineering. Electives like Bioinformatics and Nanotechnology are also available in advanced years."
What are the key subjects covered in the Computer Engineering program at AVCOE?,"The Computer Engineering program at AVCOE offers subjects like Digital Electronics, Computer Networks, Data Structures, and Software Engineering. Students can specialize in fields such as AI, ML, and Robotics through electives."
Can you tell me about the Mathematics subjects in engineering at AVCOE?,"In the first year of engineering at AVCOE, Mathematics, Physics, and Chemistry are foundational subjects along with Engineering Mechanics and introductory courses in Computer Science and Programming."
How are the electronics subjects structured at AVCOE?,"The Electronics department offers subjects such as Analog Electronics, Communication Systems, and Digital Logic in the first year. Later, electives like Embedded Systems and Signal Processing are offered."
What subjects are available for the final year of Information Technology students at AVCOE?,"The final year subjects for Information Technology students at AVCOE include Software Engineering, Cloud Computing, Advanced Database Management, and IT Project Management."
What are the subjects in the second year of Instrumentation Engineering at AVCOE?,"The second-year Instrumentation Engineering subjects at AVCOE include Measurement Systems, Process Control, Industrial Instrumentation, and Electrical Systems Design."
Are there any elective subjects in the final year of Electrical Engineering at AVCOE?,"Electrical Engineering students at AVCOE have electives like Power Electronics, Renewable Energy Systems, and Electrical Drives available in their final year to enhance their expertise."
What are the core subjects for the first year of engineering at AVCOE?,"The first-year core subjects at AVCOE include Mathematics, Physics, Chemistry, Engineering Mechanics, and Programming for all engineering disciplines."
Can you list the subjects offered in the second year of Mechanical Engineering at AVCOE?,"Mechanical Engineering students in their second year study subjects such as Thermodynamics, Manufacturing Processes, Fluid Mechanics, and Engineering Mechanics."
